,mse,mae
0,0.027127095716263577,0.10549492533875938
