,mse,mae
0,0.025704386635292495,0.09989901137036239
