,mse,mae
0,0.028207271796693367,0.10589919280745592
