,mse,mae
0,0.032446931007994194,0.12308317109821855
