,mse,mae
0,0.023643524274039388,0.09809920159600383
