,mse,mae
0,0.0254651702097262,0.10245197158716658
