,mse,mae
0,0.03228409956541452,0.11452806856827635
