,mse,mae
0,0.028236625814183992,0.10514340174469776
