,mse,mae
0,2683313.3779255324,912.8218085106383
