,mse,mae
0,0.9848936170212765,0.8664893617021279
