,mse,mae
0,0.8194552058111382,0.7997578692493947
