,mse,mae
0,0.9589137214137213,0.843139293139293
