,mse,mae
0,2631459.479273608,1359.8837772397094
