,mse,mae
0,1301821.0101994681,752.266755319149
