,mse,mae
0,5.963778586278587,2.142099792099792
