,mse,mae
0,6.221172161172161,2.225824175824176
