,mse,mae
0,5.91794608223429,2.1434833204034134
