,mse,mae
0,5.9772397094431,2.179418886198547
