,mse,mae
0,6352406033.146135,54379.62007972621
