,mse,mae
0,6516012836.913975,54471.21836645756
