,mse,mae
0,6356066954.666708,53717.937312475304
