,mse,mae
0,5907743893.143631,52874.11972714234
