,mse,mae
0,0.03298316162352652,0.13620929609753632
