,mse,mae
0,0.03197077852760031,0.13321432941861147
