,mse,mae
0,0.03365073182244812,0.13880705964858667
