,mse,mae
0,0.03214948831026464,0.13532523665062207
