,mse,mae
0,0.038899271584371814,0.14977240003081252
