,mse,mae
0,0.03155299278525632,0.13455687165506944
