,mse,mae
0,0.034591099619189825,0.1375419602767205
