,mse,mae
0,0.031804830788735756,0.13567415079742984
