,mse,mae
0,0.03350052686247772,0.14165030551481728
