,mse,mae
0,0.028023038532278527,0.08017729705935747
