,mse,mae
0,0.02889394143681347,0.08465598008733441
