,mse,mae
0,0.02777974131621725,0.08212507108630869
