,mse,mae
0,0.02531440785927888,0.08335975254871487
