,mse,mae
0,0.027655406846444335,0.08108268894522819
