,mse,mae
0,0.03538121074539752,0.09012658235799936
