,mse,mae
0,0.02807511885424231,0.08298244915771641
