,mse,mae
0,0.029916257672266352,0.0823556966380954
