,mse,mae
0,0.024770950500106546,0.07755467558424534
