,mse,mae
0,11.156180387409202,2.878813559322034
