,mse,mae
0,11.841886694386695,3.022765072765073
