,mse,mae
0,10.272327127659572,2.730585106382978
