,mse,mae
0,0.09482712765957448,0.17579787234042552
