,mse,mae
0,0.00933171326181418,0.0384866452181981
