,mse,mae
0,0.012707411749515361,0.04492900729856298
