,mse,mae
0,0.007149032088736588,0.03949676699113971
