,mse,mae
0,0.014142961865419265,0.04569915923845243
