,mse,mae
0,0.007910842353462611,0.04036147222270872
