,mse,mae
0,0.009685126605477979,0.04281965940523314
