,mse,mae
0,0.010693196693200393,0.043053213664889074
