,mse,mae
0,0.011755849197161052,0.043863020433057835
