,mse,mae
0,0.01226244486830864,0.08161210059960511
