,mse,mae
0,0.011003109558917465,0.07724958908192343
