,mse,mae
0,0.013258159010575867,0.08504329661276161
