,mse,mae
0,0.011188188560684521,0.0798443185457568
