,mse,mae
0,0.010962029735320959,0.0788611256264762
