,mse,mae
0,0.012215739944296956,0.08083233116950793
