,mse,mae
0,0.012200110286180758,0.0797163752921439
