,mse,mae
0,9.401666524809935,2.063987221749092
