,mse,mae
0,6.647303449602138,1.8579976481402953
