,mse,mae
0,0.24702127659574472,0.2351063829787234
