,mse,mae
0,0.009568807410476608,0.06782357719471827
