,mse,mae
0,0.010558669704818334,0.0684548659195138
