,mse,mae
0,0.00845041510823892,0.06514581732260447
