,mse,mae
0,0.00960261547425016,0.06827230391021175
