,mse,mae
0,0.01019898969912739,0.07007322430376736
