,mse,mae
0,0.009828933214840333,0.0678654418572174
