,mse,mae
0,0.009290308781843969,0.061661699748734186
