,mse,mae
0,0.009428288540996374,0.06808575366380593
