,mse,mae
0,0.007789450372161356,0.06082469284844647
