,mse,mae
0,2.2574653685542268e+16,91212231.92444679
