,mse,mae
0,2.0191908802999708e+16,81544566.1675835
