,mse,mae
0,3.2077333691941148e+16,99080812.30076349
