,mse,mae
0,855.1512441428587,23.475997490450098
