,mse,mae
0,906.6973843669755,24.50885034000649
