,mse,mae
0,801.1849947955454,23.03236551706519
