,mse,mae
0,804.2539637514096,22.966549882114947
