,mse,mae
0,875.7575835934339,23.45591303935256
