,mse,mae
0,8226955.462779255,1570.438563829787
