,mse,mae
0,125991.74154255321,188.35159574468088
