,mse,mae
0,0.0500061687281444,0.1846827322407994
