,mse,mae
0,0.05062688579604133,0.19040171253240484
