,mse,mae
0,0.048736677213078575,0.1825857211357178
