,mse,mae
0,0.049474169031071574,0.1834442351572268
