,mse,mae
0,0.048627734743498845,0.18084928657442073
