,mse,mae
0,0.05084482555559926,0.18719905319309302
