,mse,mae
0,0.05033434009792131,0.18551391575474413
