,mse,mae
0,0.05404857307393642,0.19407261521275956
