,mse,mae
0,0.051563730332242215,0.1877775658592762
