,mse,mae
0,1.2752705810964928e+16,41989442.21068643
