,mse,mae
0,5.2093386355843224e+16,59287510.75271761
